"Ielieta degviela l","Ielietās degvielas cena EUR/l","Ielietās degvielas izmaksas EUR","Ielietās degvielas kods",Laiks,,"Brauk- šanas laiks","Stāvē- šanas laiks","ielieta eļļa","Izlietotā degviela l Patēriņš",Maršruts,,Sētas,"Nobrauktie km","Odometra rād.",,"Vidējais ātrums km/h","Maksimālais ātrums km/h","Pavadz. Nr.","Krava t","Klienta paraksts"
,,,,Sākot,Beidzot,,,,,no,līdz,,,sākumā,beigās
,,,,"2018.02.01 9:08","2018.02.01 9:18","9 min","1 min, 21 sek",,"0,53","Pētera iela 23A, Jelgava","Dobeles šoseja 104, Jelgava",,"4,4","103476,7","103481,1",27,59,,,
,,,,"2018.02.01 9:19","2018.02.01 9:30","11 min","8 min",,"0,81","Dobeles šoseja 104, Jelgava","Zemgales prospekts 12, Jelgava",,"6,7","103481,1","103487,8",33,63,,,
,,,,"2018.02.01 9:39","2018.02.01 9:41","2 min, 41 sek","1 h, 3 min",,"0,12","Zemgales prospekts 12, Jelgava","Pētera iela 23A, Jelgava",,"1,0","103487,8","103488,8",18,39,,,
,,,,"2018.02.01 10:45","2018.02.01 10:56","10 min","14 min",,"0,58","Pētera iela 23A, Jelgava","Rīgas iela 67, Jelgava",,"4,8","103488,8","103493,6",25,52,,,
,,,,"2018.02.01 11:10","2018.02.01 11:28","17 min","44 min",,"1,17","Rīgas iela 67, Jelgava","Krišjāņa Barona iela 10, Jelgava",,"9,7","103493,6","103503,3",31,54,,,
,,,,"2018.02.01 12:12","2018.02.01 12:15","3 min","41 min",,"0,12","Krišjāņa Barona iela 10, Jelgava","Vaļņu iela 8, Jelgava",,"1,0","103503,3","103504,2",18,37,,,
,,,,"2018.02.01 12:57","2018.02.01 13:02","5 min","45 min",,"0,23","Vaļņu iela 8, Jelgava","Pasta iela 33, Jelgava",,"1,9","103504,3","103506,1",19,45,,,
,,,,"2018.02.01 13:48","2018.02.01 14:35","47 min","6 min",,"5,23","Pasta iela 33, Jelgava","Elijas iela 26, Rīga",,"43,3","103506,2","103549,4",53,95,,,
,,,,"2018.02.01 14:42","2018.02.01 15:31","49 min","5 min",,"6,06","Elijas iela 26, Rīga","Dzelzceļnieku iela 5, Jelgava",,"50,1","103549,5","103599,5",59,88,,,
,,,,"2018.02.01 15:36","2018.02.01 15:40","3 min","1 min, 11 sek",,"0,17","Dzelzceļnieku iela 5, Jelgava","Lielā iela 27, Jelgava",,"1,4","103599,6",103601,24,48,,,
,,,,"2018.02.01 15:41","2018.02.01 15:48","6 min","3 min",,"0,33","Lielā iela 27, Jelgava","Cīruļu iela 8, Jelgava",,"2,7",103601,"103603,7",20,50,,,
,,,,"2018.02.01 15:52","2018.02.01 16:06","14 min","13 min",,"0,89","Cīruļu iela 8, Jelgava","Satiksmes iela 30, Jelgava",,"7,4","103603,7","103611,1",29,49,,,
,,,,"2018.02.01 16:19","2018.02.01 16:30","10 min","5 h, 22 min",,"0,52","Satiksmes iela 30, Jelgava","Krišjāņa Barona iela 10, Jelgava",,"4,3","103611,1","103615,4",19,40,,,
,,,,"2018.02.01 21:52","2018.02.01 22:05","13 min","38 min",,"1,00","Krišjāņa Barona iela 10, Jelgava","Ceriņu iela 4, Ozolnieki",,"8,3","103615,4","103623,7",37,81,,,
,,,,"2018.02.01 22:44","2018.02.01 22:58","14 min","8 h, 43 min",,"1,03","Ceriņu iela 4, Ozolnieki","Krišjāņa Barona iela 10, Jelgava",,"8,5","103623,7","103632,2",33,81,,,
,,,,"2018.02.02 7:41","2018.02.02 7:42","41 sek","4 min",,"0,01","Krišjāņa Barona iela 10, Jelgava","Pasta iela 35A, Jelgava",,"0,1","103632,2","103632,3",6,10,,,
,,,,"2018.02.02 7:46","2018.02.02 7:54","7 min","8 min",,"0,40","Pasta iela 35A, Jelgava","Pētera iela 23A, Jelgava",,"3,1","103632,3","103635,4",21,49,,,
,,,,"2018.02.02 8:02","2018.02.02 8:06","3 min","9 min",,"0,13","Pētera iela 23A, Jelgava","Svētes iela 21, Jelgava",,"1,0","103635,4","103636,4",12,38,,,
,,,,"2018.02.02 8:16","2018.02.02 8:17","1 min, 47 sek","16 min",,"0,08","Svētes iela 21, Jelgava","Pētera iela 23A, Jelgava",,"0,6","103636,4","103636,9",11,19,,,
,,,,"2018.02.02 8:34","2018.02.02 8:38","4 min","9 min",,"0,14","Pētera iela 23A, Jelgava","Pasta iela 33, Jelgava",,"1,1",103637,"103638,1",12,45,,,
,,,,"2018.02.02 8:48","2018.02.02 8:54","6 min","55 min",,"0,27","Pasta iela 33, Jelgava","Pētera iela 23A, Jelgava",,"2,1","103638,1","103640,2",17,42,,,
,,,,"2018.02.02 9:49","2018.02.02 9:53","3 min","17 min",,"0,15","Pētera iela 23A, Jelgava","Cīruļu iela 8, Jelgava",,"1,2","103640,2","103641,4",15,36,,,
,,,,"2018.02.02 10:10","2018.02.02 10:14","3 min","5 min",,"0,17","Cīruļu iela 8, Jelgava","Lietuvas šoseja 2B, Jelgava",,"1,3","103641,4","103642,7",17,54,,,
,,,,"2018.02.02 10:20","2018.02.02 10:23","3 min","1 min, 21 sek",,"0,23","Lietuvas šoseja 2B, Jelgava","Miera iela 8, Jelgava",,"1,8","103642,7","103644,5",27,49,,,
,,,,"2018.02.02 10:25","2018.02.02 11:03","37 min","1 min, 8 sek",,"5,18","Miera iela 8, Jelgava","Vienības gatve 90, Rīga",,"40,4","103644,5","103684,9",63,96,,,
,,,,"2018.02.02 11:04","2018.02.02 11:10","6 min","4 min",,"0,60","Vienības gatve 90, Rīga","Elijas iela 13, Rīga",,"4,7","103684,9","103689,6",42,68,,,
,,,,"2018.02.02 11:15","2018.02.02 11:46","31 min","3 min",,"2,52","Elijas iela 13, Rīga","Uguns iela 8, Rīga",,"19,7","103689,6","103709,3",36,63,,,
,,,,"2018.02.02 11:50","2018.02.02 12:15","24 min","6 min",,"1,78","Uguns iela 8, Rīga","Grostonas iela 12, Rīga",,"13,9","103709,3","103723,2",33,64,,,
,,,,"2018.02.02 12:21","2018.02.02 13:17","56 min","1 h, 20 min",,"6,39","Grostonas iela 12, Rīga","Vaļņu iela 8, Jelgava",,"49,9","103723,2","103773,1",52,95,,,
,,,,"2018.02.02 14:38","2018.02.02 14:42","4 min","1 min, 10 sek",,"0,22","Vaļņu iela 8, Jelgava","Filozofu iela 62, Jelgava",,"1,7","103773,1","103774,8",19,43,,,
,,,,"2018.02.02 14:44","2018.02.02 15:01","17 min","44 min",,"1,08","Filozofu iela 62, Jelgava","Pētera iela 23A, Jelgava",,"8,4","103774,8","103783,2",27,49,,,
,,,,"2018.02.02 15:45","2018.02.02 15:53","7 min","12 min",,"0,31","Pētera iela 23A, Jelgava","Aveņu iela 37, Jelgava",,"2,4","103783,2","103785,6",17,47,,,
,,,,"2018.02.02 16:05","2018.02.02 16:14","9 min","3 min",,"0,45","Aveņu iela 37, Jelgava","Pasta iela 35, Jelgava",,"3,5","103785,6",103789,21,54,,,
,,,,"2018.02.02 16:18","2018.02.02 16:23","5 min","4 h, 14 min",,"0,32","Pasta iela 35, Jelgava","Aveņu iela 37, Jelgava",,"2,5","103789,1","103791,6",24,58,,,
,,,,"2018.02.02 20:38","2018.02.02 20:46","8 min","2 min, 1 sek",,"0,46","Aveņu iela 37, Jelgava","Puķu iela 30, Jelgava",,"3,6","103791,6","103795,2",23,52,,,
,,,,"2018.02.02 20:48","2018.02.02 20:52","3 min","1 min, 5 sek",,"0,15","Puķu iela 30, Jelgava","Lielā iela 13, Jelgava",,"1,2","103795,2","103796,3",16,47,,,
,,,,"2018.02.02 20:53","2018.02.02 20:58","4 min","1 d, 14 h, 27 min",,"0,31","Lielā iela 13, Jelgava","Aveņu iela 36, Jelgava",,"2,4","103796,4","103798,8",31,50,,,
,,,,"2018.02.04 11:26","2018.02.04 11:35","8 min","2 min, 29 sek",,"0,97","Aveņu iela 36, Jelgava","Parka iela 36, Jelgava",,"5,2","103798,8",103804,32,63,,,
,,,,"2018.02.04 11:37","2018.02.04 11:38","43 sek","3 min",,"0,13","Parka iela 36, Jelgava","Garozas iela 49, Jelgava",,"0,7",103804,"103804,2",20,29,,,
,,,,"2018.02.04 11:42","2018.02.04 11:47","5 min","11 min",,"0,48","Garozas iela 49, Jelgava","Pasta iela 47, Jelgava",,"2,6","103804,7","103807,3",25,54,,,
,,,,"2018.02.04 11:59","2018.02.04 12:03","4 min","38 min",,"0,46","Pasta iela 47, Jelgava","Aveņu iela 37, Jelgava",,"2,5","103807,3","103809,8",32,52,,,
,,,,"2018.02.04 12:42","2018.02.04 12:52","10 min","1 min, 55 sek",,"0,93","Aveņu iela 37, Jelgava","Oļu iela 1, Jelgava",,"5,0","103809,8","103814,8",28,57,,,
,,,,"2018.02.04 12:54","2018.02.04 13:06","11 min","19 h, 30 min",,"1,04","Oļu iela 1, Jelgava","Aveņu iela 37, Jelgava",,"5,6","103814,8","103820,3",26,55,,,
,,,,"2018.02.05 8:36","2018.02.05 9:00","23 min","34 min",,"1,67","Aveņu iela 37, Jelgava","Vaļņu iela 8, Jelgava",,"10,1","103820,4","103830,5",28,52,,,
,,,,"2018.02.05 9:34","2018.02.05 10:10","36 min","26 min",,"3,23","Vaļņu iela 8, Jelgava","Pētera iela 23A, Jelgava",,"19,6","103830,5","103850,1",31,63,,,
,,,,"2018.02.05 10:37","2018.02.05 10:42","5 min","1 h, 53 min",,"0,30","Pētera iela 23A, Jelgava","Krišjāņa Barona iela 10, Jelgava",,"1,8","103850,1","103851,9",18,43,,,
,,,,"2018.02.05 12:35","2018.02.05 12:39","3 min","3 min",,"0,33","Krišjāņa Barona iela 10, Jelgava","Satiksmes iela 33A, Jelgava",,"2,0","103851,9","103853,9",27,45,,,
,,,,"2018.02.05 12:43","2018.02.05 12:51","7 min","2 min, 42 sek",,"0,71","Satiksmes iela 33A, Jelgava","Garozas iela 24A, Jelgava",,"4,3","103853,9","103858,2",32,47,,,
,,,,"2018.02.05 12:53","2018.02.05 13:00","6 min","6 min",,"0,45","Garozas iela 24A, Jelgava","Rīgas iela 67, Jelgava",,"2,7","103858,2","103860,9",20,42,,,
,,,,"2018.02.05 13:06","2018.02.05 13:17","10 min","1 h",,"0,77","Rīgas iela 67, Jelgava","Pētera iela 23A, Jelgava",,"4,7","103860,9","103865,5",25,57,,,
,,,,"2018.02.05 14:18","2018.02.05 14:59","41 min","47 min",,"3,33","Pētera iela 23A, Jelgava","Vaļņu iela 8, Jelgava",,"20,2","103865,6","103885,8",26,54,,,
,,,,"2018.02.05 15:46","2018.02.05 15:53","6 min","7 min",,"0,41","Vaļņu iela 8, Jelgava","Brīvības bulvāris 1A, Jelgava",,"2,5","103885,8","103888,2",21,45,,,
,,,,"2018.02.05 16:00","2018.02.05 16:03","2 min, 43 sek","4 min",,"0,13","Brīvības bulvāris 1A, Jelgava","Austrumu iela 2A, Jelgava",,"0,8","103888,3","103889,1",18,42,,,
,,,,"2018.02.05 16:07","2018.02.05 16:19","11 min","33 min",,"0,92","Austrumu iela 2A, Jelgava","Pētera iela 23A, Jelgava",,"5,6","103889,1","103894,7",27,47,,,
,,,,"2018.02.05 16:52","2018.02.05 17:01","8 min","1 h, 34 min",,"0,35","Pētera iela 23A, Jelgava","Krišjāņa Barona iela 3, Jelgava",,"2,1","103894,7","103896,8",13,40,,,
,,,,"2018.02.05 18:35","2018.02.05 18:46","11 min","11 min",,"0,73","Krišjāņa Barona iela 3, Jelgava","Rīgas iela 51, Jelgava",,"4,4","103896,8","103901,2",21,49,,,
,,,,"2018.02.05 18:58","2018.02.05 19:01","3 min","5 min",,"0,26","Rīgas iela 51, Jelgava","Rīgas iela 20A, Jelgava",,"1,6","103901,2","103902,8",21,33,,,
,,,,"2018.02.05 19:06","2018.02.05 19:12","5 min","2 h, 41 min",,"0,36","Rīgas iela 20A, Jelgava","Krišjāņa Barona iela 3, Jelgava",,"2,2","103902,8",103905,19,45,,,
,,,,"2018.02.05 21:54","2018.02.05 21:58","3 min","7 min",,"0,13","Krišjāņa Barona iela 3, Jelgava","Pasta iela 47, Jelgava",,"0,8",103905,"103905,8",10,39,,,
,,,,"2018.02.05 22:06","2018.02.05 22:09","3 min","15 min",,"0,21","Pasta iela 47, Jelgava","Zemgales prospekts 19A, Jelgava",,"1,3","103905,8","103907,1",22,45,,,
,,,,"2018.02.05 22:24","2018.02.05 22:31","6 min","9 h, 11 min",,"0,33","Zemgales prospekts 19A, Jelgava","Pasta iela 35A, Jelgava",,"2,0","103907,1",103909,17,46,,,
,,,,"2018.02.06 7:43","2018.02.06 7:52","9 min","1 h, 9 min",,"0,49","Pasta iela 35A, Jelgava","Pētera iela 23A, Jelgava",,"3,1","103909,1","103912,2",17,40,,,
,,,,"2018.02.06 9:02","2018.02.06 9:19","16 min","2 min, 11 sek",,"1,43","Pētera iela 23A, Jelgava","Rūpniecības iela 75A, Jelgava",,"9,0","103912,2","103921,2",30,60,,,
,,,,"2018.02.06 9:21","2018.02.06 9:48","26 min","47 min",,"2,13","Rūpniecības iela 75A, Jelgava","Blaumaņa iela 8, Jelgava",,"13,4","103921,2","103934,6",30,49,,,
,,,,"2018.02.06 10:35","2018.02.06 10:40","5 min","45 min",,"0,22","Blaumaņa iela 8, Jelgava","Pētera iela 23A, Jelgava",,"1,4","103934,6",103936,16,41,,,
,,,,"2018.02.06 11:25","2018.02.06 11:33","7 min","12 min",,"0,70","Pētera iela 23A, Jelgava","Dobeles šoseja 104, Jelgava",,"4,4",103936,"103940,4",33,63,,,
,,,,"2018.02.06 11:45","2018.02.06 11:54","8 min","55 min",,"0,89","Dobeles šoseja 104, Jelgava","Krišjāņa Barona iela 3, Jelgava",,"5,6","103940,4",103946,34,56,,,
,,,,"2018.02.06 12:49","2018.02.06 12:54","4 min","1 h, 18 min",,"0,21","Krišjāņa Barona iela 3, Jelgava","Vaļņu iela 8, Jelgava",,"1,3",103946,"103947,3",17,41,,,
,,,,"2018.02.06 14:12","2018.02.06 14:33","20 min","24 min",,"1,51","Vaļņu iela 8, Jelgava","Rīgas iela 67, Jelgava",,"9,5","103947,3","103956,8",25,52,,,
,,,,"2018.02.06 14:57","2018.02.06 15:09","11 min","4 min",,"0,86","Rīgas iela 67, Jelgava","Strazdu iela 10, Jelgava",,"5,4","103956,8","103962,2",25,54,,,
,,,,"2018.02.06 15:13","2018.02.06 15:17","3 min","1 min, 18 sek",,"0,17","Strazdu iela 10, Jelgava","Akmeņu iela 14A, Jelgava",,"1,1","103962,2","103963,3",15,40,,,
,,,,"2018.02.06 15:18","2018.02.06 15:20","1 min, 29 sek","6 min",,"0,11","Akmeņu iela 14A, Jelgava","Lāčplēša iela 6, Jelgava",,"0,7","103963,3",103964,22,47,,,
,,,,"2018.02.06 15:26","2018.02.06 15:42","16 min","14 min",,"1,11","Lāčplēša iela 6, Jelgava","Zemgales prospekts 12, Jelgava",,"7,0",103964,103971,22,54,,,
,,,,"2018.02.06 15:56","2018.02.06 15:58","2 min, 12 sek","59 min",,"0,17","Zemgales prospekts 12, Jelgava","Vaļņu iela 8, Jelgava",,"1,1",103971,"103972,1",22,38,,,
,,,,"2018.02.06 16:58","2018.02.06 17:04","6 min","14 h, 27 min",,"0,29","Vaļņu iela 8, Jelgava","Lielā iela 8, Jelgava",,"1,8","103972,1","103973,9",14,39,,,
,,,,"2018.02.07 7:32","2018.02.07 7:34","2 min, 2 sek","7 min",,"0,05","Lielā iela 8, Jelgava","Pasta iela 35, Jelgava",,"0,3","103973,9","103974,2",6,18,,,
,,,,"2018.02.07 7:41","2018.02.07 7:51","10 min","46 min",,"0,62","Pasta iela 35, Jelgava","Pētera iela 23A, Jelgava",,"3,5","103974,2","103977,7",18,51,,,
,,,,"2018.02.07 8:38","2018.02.07 8:50","11 min","25 min",,"0,44","Pētera iela 23A, Jelgava","Jāņa Čakstes bulvāris 9A, Jelgava",,"2,5","103977,7","103980,2",12,37,,,
,,,,"2018.02.07 9:15","2018.02.07 9:20","4 min","2 min, 52 sek",,"0,28","Jāņa Čakstes bulvāris 9A, Jelgava","Raiņa iela 17C, Jelgava",,"1,6","103980,2","103981,8",15,47,,,
,,,,"2018.02.07 9:23","2018.02.07 9:25","2 min, 9 sek","3 min",,"0,07","Raiņa iela 17C, Jelgava","Raiņa iela 11, Jelgava",,"0,4","103981,8","103982,2",11,36,,,
,,,,"2018.02.07 9:29","2018.02.07 9:32","2 min, 49 sek","6 min",,"0,12","Raiņa iela 11, Jelgava","Pētera iela 23A, Jelgava",,"0,7","103982,2","103982,9",13,31,,,
,,,,"2018.02.07 9:38","2018.02.07 9:43","4 min","6 min",,"0,26","Pētera iela 23A, Jelgava","Zirgu iela 9, Jelgava",,"1,5","103982,9","103984,3",15,39,,,
,,,,"2018.02.07 9:49","2018.02.07 9:51","1 min, 17 sek","6 min",,"0,09","Zirgu iela 9, Jelgava","Stacijas iela 5, Jelgava",,"0,5","103984,4","103984,9",16,23,,,
,,,,"2018.02.07 9:57","2018.02.07 10:00","2 min, 41 sek","7 min",,"0,14","Stacijas iela 5, Jelgava","Zemgales prospekts 12A, Jelgava",,"0,8","103984,9","103985,7",17,32,,,
,,,,"2018.02.07 10:07","2018.02.07 10:10","2 min, 28 sek","7 min",,"0,14","Zemgales prospekts 12A, Jelgava","Mātera iela 74, Jelgava",,"0,8","103985,7","103986,5",14,39,,,
,,,,"2018.02.07 10:17","2018.02.07 10:20","3 min","5 min",,"0,35","Mātera iela 74, Jelgava","Rūpniecības iela 75A, Jelgava",,"2,0","103986,5","103988,5",27,47,,,
,,,,"2018.02.07 10:26","2018.02.07 10:37","11 min","9 min",,"1,25","Rūpniecības iela 75A, Jelgava","Dobeles šoseja 47A, Jelgava",,"7,1","103988,5","103995,5",33,65,,,
,,,,"2018.02.07 10:47","2018.02.07 10:53","6 min","53 min",,"0,44","Dobeles šoseja 47A, Jelgava","Pētera iela 23A, Jelgava",,"2,5","103995,6","103998,1",22,51,,,
,,,,"2018.02.07 11:47","2018.02.07 11:52","5 min","1 h, 58 min",,"0,32","Pētera iela 23A, Jelgava","Krišjāņa Barona iela 10, Jelgava",,"1,8","103998,1","103999,9",21,45,,,
,,,,"2018.02.07 13:50","2018.02.07 14:01","11 min","2 min, 12 sek",,"0,99","Krišjāņa Barona iela 10, Jelgava","Akmeņu iela 14A, Jelgava",,"5,6","103999,9","104005,5",28,50,,,
,,,,"2018.02.07 14:04","2018.02.07 14:20","16 min","5 min",,"1,01","Akmeņu iela 14A, Jelgava","Savienības iela 1A, Jelgava",,"5,7","104005,5","104011,2",19,54,,,
,,,,"2018.02.07 14:25","2018.02.07 14:31","5 min","26 min",,"0,41","Savienības iela 1A, Jelgava","Pētera iela 23A, Jelgava",,"2,3","104011,2","104013,5",23,49,,,
,,,,"2018.02.07 14:57","2018.02.07 15:02","4 min","1 min, 16 sek",,"0,23","Pētera iela 23A, Jelgava","Akadēmijas iela 3, Jelgava",,"1,3","104013,5","104014,8",14,40,,,
,,,,"2018.02.07 15:03","2018.02.07 15:24","20 min","3 min",,"1,66","Akadēmijas iela 3, Jelgava","Satiksmes iela 72, Jelgava",,"9,4","104014,8","104024,2",20,51,,,
,,,,"2018.02.07 15:27","2018.02.07 15:39","11 min","16 h",,"0,76","Satiksmes iela 72, Jelgava","Pasta iela 22, Jelgava",,"4,3","104024,2","104028,5",19,45,,,
,,,,"2018.02.08 7:39","2018.02.08 7:41","2 min, 31 sek","1 h, 4 min",,"0,17","Pasta iela 22, Jelgava","Pētera iela 23A, Jelgava",,"1,1","104028,5","104029,5",22,40,,,
,,,,"2018.02.08 8:46","2018.02.08 9:07","20 min","1 h, 10 min",,"1,55","Pētera iela 23A, Jelgava","Pētera iela 23A, Jelgava",,"10,0","104029,6","104039,6",27,52,,,
,,,,"2018.02.08 10:17","2018.02.08 10:32","14 min","7 min",,"1,03","Pētera iela 23A, Jelgava","Vaļņu iela 4, Jelgava",,"6,6","104039,6","104046,2",25,50,,,
,,,,"2018.02.08 10:39","2018.02.08 10:45","5 min","5 min",,"0,25","Vaļņu iela 4, Jelgava","Lielā iela 1, Jelgava",,"1,6","104046,2","104047,8",15,41,,,
,,,,"2018.02.08 10:51","2018.02.08 11:13","21 min","1 min, 43 sek",,"1,66","Lielā iela 1, Jelgava","Pētera iela 23A, Jelgava",,"10,7","104047,8","104058,5",29,50,,,
,,,,"2018.02.08 11:15","2018.02.08 11:18","3 min","4 min",,"0,22","Pētera iela 23A, Jelgava","Tērvetes iela 60, Jelgava",,"1,4","104058,5","104059,9",24,46,,,
,,,,"2018.02.08 11:22","2018.02.08 11:34","12 min","3 min",,"0,95","Tērvetes iela 60, Jelgava","Pumpura iela 2, Jelgava",,"6,1","104059,9",104066,28,52,,,
,,,,"2018.02.08 11:37","2018.02.08 11:46","8 min","9 min",,"0,67","Pumpura iela 2, Jelgava","Pētera iela 23A, Jelgava",,"4,3",104066,"104070,3",25,52,,,
,,,,"2018.02.08 11:56","2018.02.08 12:00","4 min","1 h, 16 min",,"0,28","Pētera iela 23A, Jelgava","Krišjāņa Barona iela 10, Jelgava",,"1,8","104070,3","104072,1",23,48,,,
,,,,"2018.02.08 13:16","2018.02.08 13:18","2 min, 15 sek","12 min",,"0,11","Krišjāņa Barona iela 10, Jelgava","Lielā iela 1, Jelgava",,"0,7","104072,1","104072,8",16,28,,,
,,,,"2018.02.08 13:30","2018.02.08 13:38","8 min","12 min",,"0,54","Lielā iela 1, Jelgava","Pētera iela 23A, Jelgava",,"3,5","104072,8","104076,3",22,49,,,
,,,,"2018.02.08 13:51","2018.02.08 14:25","34 min","54 min",,"2,28","Pētera iela 23A, Jelgava","Platones iela 2, Jelgava",,"14,7","104076,3",104091,23,54,,,
,,,,"2018.02.08 15:20","2018.02.08 15:28","7 min","23 min",,"0,54","Platones iela 2, Jelgava","Vaļņu iela 8, Jelgava",,"3,5",104091,"104094,5",23,47,,,
,,,,"2018.02.08 15:51","2018.02.08 16:07","16 min","23 min",,"1,24","Vaļņu iela 8, Jelgava","Lietuvas šoseja 2A, Jelgava",,"8,0","104094,5","104102,4",27,50,,,
,,,,"2018.02.08 16:31","2018.02.08 16:36","5 min","16 min",,"0,40","Lietuvas šoseja 2A, Jelgava","Vaļņu iela 8, Jelgava",,"2,6","104102,5","104105,1",25,46,,,
,,,,"2018.02.08 16:52","2018.02.08 16:58","5 min","2 min, 3 sek",,"0,26","Vaļņu iela 8, Jelgava","Krišjāņa Barona iela 8, Jelgava",,"1,7","104105,1","104106,8",15,36,,,
,,,,"2018.02.08 17:00","2018.02.08 17:02","2 min, 16 sek","14 h, 37 min",,"0,05","Krišjāņa Barona iela 8, Jelgava","Pasta iela 33, Jelgava",,"0,3","104106,8","104107,1",7,14,,,
,,,,"2018.02.09 7:40","2018.02.09 7:52","12 min","11 min",,"1,03","Pasta iela 33, Jelgava","Mātera iela 74, Jelgava",,"4,7","104107,1","104111,8",24,49,,,
,,,,"2018.02.09 8:03","2018.02.09 8:06","2 min, 25 sek","42 min",,"0,20","Mātera iela 74, Jelgava","Pētera iela 23A, Jelgava",,"0,9","104111,8","104112,7",17,24,,,
,,,,"2018.02.09 8:48","2018.02.09 9:23","34 min","3 min",,"4,37","Pētera iela 23A, Jelgava","Pasta iela 33, Jelgava",,"19,9","104112,7","104132,5",32,66,,,
,,,,"2018.02.09 9:27","2018.02.09 9:39","12 min","2 h, 18 min",,"1,36","Pasta iela 33, Jelgava","Pētera iela 23A, Jelgava",,"6,2","104132,6","104138,8",30,51,,,
,,,,"2018.02.09 11:58","2018.02.09 12:04","5 min","38 min",,"0,40","Pētera iela 23A, Jelgava","Krišjāņa Barona iela 10, Jelgava",,"1,8","104138,8","104140,6",15,45,,,
,,,,"2018.02.09 12:42","2018.02.09 12:48","5 min","3 min",,"0,57","Krišjāņa Barona iela 10, Jelgava","Aveņu iela 36, Jelgava",,"2,6","104140,6","104143,2",27,56,,,
,,,,"2018.02.09 12:51","2018.02.09 12:59","7 min","3 min",,"0,75","Aveņu iela 36, Jelgava","Pasta iela 33, Jelgava",,"3,4","104143,2","104146,6",24,54,,,
,,,,"2018.02.09 13:02","2018.02.09 13:03","1 min, 4 sek","1 min, 18 sek",,"0,04","Pasta iela 33, Jelgava","Lielā iela 9, Jelgava",,"0,2","104146,6","104146,8",9,28,,,
,,,,"2018.02.09 13:05","2018.02.09 13:08","3 min","1 min",,"0,42","Lielā iela 9, Jelgava","Kronvalda iela 1, Jelgava",,"1,9","104146,8","104148,7",31,50,,,
,,,,"2018.02.09 13:09","2018.02.09 13:11","1 min, 52 sek","4 min",,"0,20","Kronvalda iela 1, Jelgava","Brīvības bulvāris 1A, Jelgava",,"0,9","104148,7","104149,6",24,31,,,
,,,,"2018.02.09 13:15","2018.02.09 13:26","10 min","31 min",,"0,99","Brīvības bulvāris 1A, Jelgava","Brīvības bulvāris 1A, Jelgava",,"4,5","104149,6","104154,1",23,52,,,
,,,,"2018.02.09 13:58","2018.02.09 14:01","3 min","27 min",,"0,31","Brīvības bulvāris 1A, Jelgava","Akmeņu iela 20, Jelgava",,"1,4","104154,1","104155,5",21,54,,,
,,,,"2018.02.09 14:28","2018.02.09 14:39","11 min","15 min",,"0,75","Akmeņu iela 20, Jelgava","Katoļu iela 2B, Jelgava",,"3,4","104155,5","104158,9",18,51,,,
,,,,"2018.02.09 14:55","2018.02.09 14:59","3 min","28 min",,"0,42","Katoļu iela 2B, Jelgava","Rīgas iela 20C, Jelgava",,"1,9","104158,9","104160,8",31,54,,,
,,,,"2018.02.09 15:27","2018.02.09 15:31","3 min","1 min, 1 sek",,"0,22","Rīgas iela 20C, Jelgava","Garozas iela 1, Jelgava",,"1,0","104160,8","104161,8",14,42,,,
,,,,"2018.02.09 15:32","2018.02.09 15:33","57 sek","1 min, 8 sek",,"0,04","Garozas iela 1, Jelgava","Brīvības bulvāris 1, Jelgava",,"0,2","104161,8",104162,7,23,,,
,,,,"2018.02.09 15:34","2018.02.09 15:43","9 min","1 h, 8 min",,"0,84","Brīvības bulvāris 1, Jelgava","Aveņu iela 37, Jelgava",,"3,8",104162,"104165,8",24,50,,,
,,,,"2018.02.09 16:52","2018.02.09 16:57","4 min","3 min",,"0,55","Aveņu iela 37, Jelgava","Vaļņu iela 8, Jelgava",,"2,5","104165,8","104168,3",26,55,,,
,,,,"2018.02.09 17:00","2018.02.09 17:06","5 min","2 min, 51 sek",,"0,29","Vaļņu iela 8, Jelgava","Dobeles iela 40, Jelgava",,"1,3","104168,3","104169,6",13,51,,,
,,,,"2018.02.09 17:09","2018.02.09 17:10","1 min, 11 sek","1 min, 7 sek",,"0,13","Dobeles iela 40, Jelgava","Jāņa Asara iela 9, Jelgava",,"0,6","104169,6","104170,2",18,42,,,
,,,,"2018.02.09 17:11","2018.02.09 17:14","2 min, 47 sek","17 min",,"0,20","Jāņa Asara iela 9, Jelgava","Pasta iela 37, Jelgava",,"0,9","104170,2",104171,17,59,,,
,,,,"2018.02.09 17:31","2018.02.09 17:35","4 min","44 min",,"0,31","Pasta iela 37, Jelgava","Brīvības bulvāris 1A, Jelgava",,"1,4","104171,1","104172,5",20,49,,,
,,,,"2018.02.09 18:19","2018.02.09 18:23","3 min","16 min",,"0,18","Brīvības bulvāris 1A, Jelgava","Kronvalda iela 1, Jelgava",,"0,8","104172,5","104173,3",15,43,,,
,,,,"2018.02.09 18:39","2018.02.09 18:48","8 min","14 h, 40 min",,"0,99","Kronvalda iela 1, Jelgava","Aveņu iela 36, Jelgava",,"4,5","104173,3","104177,8",32,55,,,
,,,,"2018.02.10 9:28","2018.02.10 9:36","7 min","11 min",,"1,15","Aveņu iela 36, Jelgava","Lielā iela 10, Jelgava",,"3,0","104177,8","104180,8",22,54,,,
,,,,"2018.02.10 9:47","2018.02.10 9:52","4 min","8 min",,"0,42","Lielā iela 10, Jelgava","Driksas iela 1A, Jelgava",,"1,1","104180,8","104181,9",15,41,,,
,,,,"2018.02.10 10:00","2018.02.10 10:01","1 min, 11 sek","11 min",,"0,19","Driksas iela 1A, Jelgava","Raiņa iela 11, Jelgava",,"0,5","104181,9","104182,3",20,32,,,
,,,,"2018.02.10 10:12","2018.02.10 10:14","1 min, 41 sek","19 min",,"0,15","Raiņa iela 11, Jelgava","Pasta iela 51 k-7, Jelgava",,"0,4","104182,4","104182,8",14,29,,,
,,,,"2018.02.10 10:33","2018.02.10 10:36","2 min, 54 sek","1 d, 1 h, 4 min",,"0,65","Pasta iela 51 k-7, Jelgava","Aveņu iela 36, Jelgava",,"1,7","104182,8","104184,5",32,63,,,
,,,,"2018.02.11 11:40","2018.02.11 11:41","1 min, 6 sek","8 min",,"0,10","Aveņu iela 36, Jelgava","Savienības iela 1, Jelgava",,"0,5","104184,5","104184,9",22,23,,,
,,,,"2018.02.11 11:49","2018.02.11 11:51","1 min, 47 sek","2 h, 42 min",,"0,15","Savienības iela 1, Jelgava","Aveņu iela 37, Jelgava",,"0,7",104185,"104185,7",23,38,,,
,,,,"2018.02.11 14:33","2018.02.11 14:34","34 sek","2 min, 49 sek",,"0,04","Aveņu iela 37, Jelgava","Lietuvas šoseja 50A, Jelgava",,"0,2","104185,7","104185,9",11,16,,,
,,,,"2018.02.11 14:37","2018.02.11 14:43","6 min","9 min",,"0,60","Lietuvas šoseja 50A, Jelgava","Lielā iela 10, Jelgava",,"2,9","104185,9","104188,8",24,56,,,
,,,,"2018.02.11 14:53","2018.02.11 14:59","6 min","5 min",,"0,60","Lielā iela 10, Jelgava","Lietuvas šoseja 50A, Jelgava",,"2,9","104188,8","104191,7",24,61,,,
,,,,"2018.02.11 15:05","2018.02.11 15:06","47 sek","2 h, 36 min",,"0,04","Lietuvas šoseja 50A, Jelgava","Aveņu iela 37, Jelgava",,"0,2","104191,7","104191,9",11,16,,,
,,,,"2018.02.11 17:42","2018.02.11 17:46","3 min","1 h, 55 min",,"0,46","Aveņu iela 37, Jelgava","Akadēmijas iela 19, Jelgava",,"2,2","104191,9","104194,1",30,54,,,
,,,,"2018.02.11 19:42","2018.02.11 19:44","2 min, 20 sek","8 min",,"0,23","Akadēmijas iela 19, Jelgava","Mātera iela 46, Jelgava",,"1,1","104194,1","104195,2",26,50,,,
,,,,"2018.02.11 19:53","2018.02.11 19:55","2 min, 28 sek","1 h, 19 min",,"0,23","Mātera iela 46, Jelgava","Akadēmijas iela 19, Jelgava",,"1,1","104195,2","104196,3",20,54,,,
,,,,"2018.02.11 21:15","2018.02.11 21:17","2 min, 49 sek","11 min",,"0,21","Akadēmijas iela 19, Jelgava","Lielā iela 5A, Jelgava",,"1,0","104196,3","104197,2",18,38,,,
,,,,"2018.02.11 21:29","2018.02.11 21:33","4 min","6 min",,"0,29","Lielā iela 5A, Jelgava","Mātera iela 46, Jelgava",,"1,4","104197,3","104198,7",19,50,,,
,,,,"2018.02.11 21:39","2018.02.11 21:43","3 min","10 h, 45 min",,"0,37","Mātera iela 46, Jelgava","Aveņu iela 37, Jelgava",,"1,8","104198,7","104200,5",28,51,,,
,,,,"2018.02.12 8:29","2018.02.12 8:36","7 min","1 h",,"0,48","Aveņu iela 37, Jelgava","Pētera iela 23A, Jelgava",,"2,8","104200,5","104203,3",18,45,,,
,,,,"2018.02.12 9:36","2018.02.12 9:46","9 min","5 min",,"0,81","Pētera iela 23A, Jelgava","Rīgas iela 67, Jelgava",,"4,7","104203,3",104208,28,49,,,
,,,,"2018.02.12 9:51","2018.02.12 10:27","35 min","1 h, 5 min",,"3,43","Rīgas iela 67, Jelgava","Vaļņu iela 8, Jelgava",,"19,9",104208,"104227,9",32,60,,,
,,,,"2018.02.12 11:32","2018.02.12 11:39","6 min","5 min",,"0,41","Vaļņu iela 8, Jelgava","Pulkveža Oskara Kalpaka iela 37, Jelgava",,"2,4","104227,9","104230,3",19,47,,,
,,,,"2018.02.12 11:44","2018.02.12 11:46","2 min, 27 sek","7 min",,"0,24","Pulkveža Oskara Kalpaka iela 37, Jelgava","Savienības iela 2, Jelgava",,"1,4","104230,3","104231,7",33,52,,,
,,,,"2018.02.12 11:54","2018.02.12 12:04","10 min","1 h, 23 min",,"0,72","Savienības iela 2, Jelgava","Pasta iela 33A, Jelgava",,"4,2","104231,7","104235,8",24,51,,,
,,,,"2018.02.12 13:28","2018.02.12 13:33","4 min","4 min",,"0,21","Pasta iela 33A, Jelgava","Pulkveža Oskara Kalpaka iela 16A, Jelgava",,"1,2","104235,9","104237,1",13,29,,,
,,,,"2018.02.12 13:37","2018.02.12 13:52","15 min","3 min",,"1,41","Pulkveža Oskara Kalpaka iela 16A, Jelgava","Sakņudārza iela 2, Jelgava",,"8,2","104237,1","104245,3",30,65,,,
,,,,"2018.02.12 13:55","2018.02.12 13:57","2 min, 13 sek","2 h, 53 min",,"0,10","Sakņudārza iela 2, Jelgava","Pētera iela 23A, Jelgava",,"0,6","104245,3","104245,9",13,42,,,
,,,,"2018.02.12 16:51","2018.02.12 17:02","11 min","4 min",,"0,69","Pētera iela 23A, Jelgava","Garozas iela 24A, Jelgava",,"4,0","104245,9","104249,9",18,49,,,
,,,,"2018.02.12 17:07","2018.02.12 17:17","9 min","7 min",,"0,59","Garozas iela 24A, Jelgava","Lielā iela 6, Jelgava",,"3,4","104249,9","104253,3",19,45,,,
,,,,"2018.02.12 17:24","2018.02.12 17:34","9 min","1 min, 28 sek",,"0,48","Lielā iela 6, Jelgava","Akadēmijas iela 7, Jelgava",,"2,8","104253,3","104256,1",16,40,,,
,,,,"2018.02.12 17:36","2018.02.12 17:50","14 min","5 min",,"0,65","Akadēmijas iela 7, Jelgava","Lielā iela 3A, Jelgava",,"3,8","104256,1","104259,9",16,47,,,
,,,,"2018.02.12 17:55","2018.02.12 17:56","47 sek","22 min",,"0,03","Lielā iela 3A, Jelgava","Lielā iela 1, Jelgava",,"0,2","104259,9","104260,1",17,30,,,
,,,,"2018.02.12 18:19","2018.02.12 18:27","8 min","13 h, 12 min",,"0,40","Lielā iela 1, Jelgava","Krišjāņa Barona iela 3, Jelgava",,"2,3","104260,1","104262,4",14,39,,,
,,,,"2018.02.13 7:40","2018.02.13 7:45","5 min","1 h, 57 min",,"0,28","Krišjāņa Barona iela 3, Jelgava","Pētera iela 23A, Jelgava",,"1,8","104262,4","104264,2",17,39,,,
,,,,"2018.02.13 9:42","2018.02.13 9:50","7 min","1 min, 24 sek",,"0,31","Pētera iela 23A, Jelgava","Lielā iela 1, Jelgava",,"2,0","104264,2","104266,1",14,41,,,
,,,,"2018.02.13 9:51","2018.02.13 10:13","22 min","43 min",,"1,78","Lielā iela 1, Jelgava","Vaļņu iela 7A, Jelgava",,"11,3","104266,2","104277,5",31,50,,,
,,,,"2018.02.13 10:57","2018.02.13 11:20","23 min","2 h",,"1,95","Vaļņu iela 7A, Jelgava","Krišjāņa Barona iela 10, Jelgava",,"12,4","104277,5","104289,9",30,64,,,
,,,,"2018.02.13 13:20","2018.02.13 13:23","3 min","1 h, 37 min",,"0,17","Krišjāņa Barona iela 10, Jelgava","Pētera iela 23A, Jelgava",,"1,1","104289,9","104290,9",18,36,,,
,,,,"2018.02.13 15:01","2018.02.13 15:06","5 min","14 min",,"0,17","Pētera iela 23A, Jelgava","Sudrabu Edžus iela 2, Jelgava",,"1,1",104291,"104292,1",11,45,,,
,,,,"2018.02.13 15:21","2018.02.13 15:35","13 min","1 h, 3 min",,"0,85","Sudrabu Edžus iela 2, Jelgava","Vaļņu iela 4, Jelgava",,"5,4","104292,1","104297,4",21,45,,,
,,,,"2018.02.13 16:38","2018.02.13 16:42","3 min","14 h, 59 min",,"0,27","Vaļņu iela 4, Jelgava","Krišjāņa Barona iela 10, Jelgava",,"1,7","104297,5","104299,2",24,46,,,
,,,,"2018.02.14 7:42","2018.02.14 7:46","4 min","19 min",,"0,16","Krišjāņa Barona iela 10, Jelgava","Pētera iela 23A, Jelgava",,"1,0","104299,2","104300,2",13,27,,,
,,,,"2018.02.14 8:06","2018.02.14 8:07","58 sek","10 min",,"0,02","Pētera iela 23A, Jelgava","Vaļņu iela 7A, Jelgava",,"0,1","104300,2","104300,3",5,9,,,
,,,,"2018.02.14 8:17","2018.02.14 8:18","27 sek","36 min",,"0,02","Vaļņu iela 7A, Jelgava","Pētera iela 23A, Jelgava",,"0,1","104300,3","104300,4",7,10,,,
,,,,"2018.02.14 8:54","2018.02.14 9:04","9 min","2 min, 48 sek",,"0,72","Pētera iela 23A, Jelgava","5. līnija 1C, Jelgava",,"4,6","104300,4","104304,9",26,58,,,
,,,,"2018.02.14 9:07","2018.02.14 10:01","54 min","27 min",,"4,24","5. līnija 1C, Jelgava","Akadēmijas iela 20, Jelgava",,"27,1",104305,"104332,1",29,61,,,
,,,,"2018.02.14 10:29","2018.02.14 10:32","2 min, 27 sek","39 min",,"0,17","Akadēmijas iela 20, Jelgava","Pētera iela 23A, Jelgava",,"1,1","104332,1","104333,2",21,40,,,
,,,,"2018.02.14 11:11","2018.02.14 11:16","4 min","2 h, 45 min",,"0,30","Pētera iela 23A, Jelgava","Pasta iela 33, Jelgava",,"1,9","104333,2",104335,18,39,,,
,,,,"2018.02.14 14:02","2018.02.14 14:07","4 min","4 min",,"0,34","Pasta iela 33, Jelgava","Austrumu iela 2A, Jelgava",,"2,2","104335,1","104337,3",26,45,,,
,,,,"2018.02.14 14:11","2018.02.14 14:23","11 min","1 h, 18 min",,"0,78","Austrumu iela 2A, Jelgava","Pētera iela 23A, Jelgava",,"5,0","104337,3","104342,2",23,48,,,
,,,,"2018.02.14 15:41","2018.02.14 15:52","11 min","2 min, 52 sek",,"0,72","Pētera iela 23A, Jelgava","Pasta iela 35, Jelgava",,"4,6","104342,3","104346,9",22,49,,,
,,,,"2018.02.14 15:55","2018.02.14 15:59","4 min","38 min",,"0,19","Pasta iela 35, Jelgava","Pētera iela 23A, Jelgava",,"1,2","104346,9",104348,12,31,,,
,,,,"2018.02.14 16:38","2018.02.14 16:44","5 min","14 h, 30 min",,"0,28","Pētera iela 23A, Jelgava","Krišjāņa Barona iela 3, Jelgava",,"1,8","104348,1","104349,9",15,46,,,
,,,,"2018.02.15 7:14","2018.02.15 7:21","6 min","16 min",,"0,53","Krišjāņa Barona iela 3, Jelgava","Rūpniecības iela 75A, Jelgava",,"3,1","104349,9",104353,27,45,,,
,,,,"2018.02.15 7:38","2018.02.15 7:58","20 min","1 h, 9 min",,"1,27","Rūpniecības iela 75A, Jelgava","Pētera iela 23A, Jelgava",,"7,5",104353,"104360,5",21,43,,,
,,,,"2018.02.15 9:08","2018.02.15 9:12","4 min","10 min",,"0,25","Pētera iela 23A, Jelgava","Raiņa iela 37, Jelgava",,"1,5","104360,5",104362,17,39,,,
,,,,"2018.02.15 9:23","2018.02.15 9:25","2 min, 16 sek","4 min",,"0,12","Raiņa iela 37, Jelgava","Pulkveža Oskara Kalpaka iela 13, Jelgava",,"0,7",104362,"104362,7",15,36,,,
,,,,"2018.02.15 9:29","2018.02.15 9:30","1 min, 1 sek","14 min",,"0,07","Pulkveža Oskara Kalpaka iela 13, Jelgava","Raiņa iela 17C, Jelgava",,"0,4","104362,7","104363,1",16,27,,,
,,,,"2018.02.15 9:44","2018.02.15 9:47","2 min, 22 sek","8 min",,"0,07","Raiņa iela 17C, Jelgava","Raiņa iela 11, Jelgava",,"0,4","104363,1","104363,5",10,38,,,
,,,,"2018.02.15 9:55","2018.02.15 9:57","1 min, 51 sek","10 min",,"0,07","Raiņa iela 11, Jelgava","Raiņa iela 3, Jelgava",,"0,4","104363,5","104363,9",11,34,,,
,,,,"2018.02.15 10:07","2018.02.15 10:10","3 min","7 min",,"0,15","Raiņa iela 3, Jelgava","Pasta iela 45, Jelgava",,"0,9","104363,9","104364,8",14,32,,,
,,,,"2018.02.15 10:18","2018.02.15 10:24","5 min","17 min",,"0,17","Pasta iela 45, Jelgava","Lielā iela 21, Jelgava",,"1,0","104364,8","104365,7",9,36,,,
,,,,"2018.02.15 10:41","2018.02.15 10:41","21 sek","7 min",,"0,02","Lielā iela 21, Jelgava","Lielā iela 30, Jelgava",,"0,1","104365,8","104365,9",19,25,,,
,,,,"2018.02.15 10:48","2018.02.15 10:49","20 sek","7 min",,"0,03","Lielā iela 30, Jelgava","Lielā iela 36, Jelgava",,"0,2","104365,9","104366,1",32,45,,,
,,,,"2018.02.15 10:56","2018.02.15 11:10","14 min","31 min",,"1,37","Lielā iela 36, Jelgava","Vaļņu iela 8, Jelgava",,"8,1","104366,1","104374,1",31,59,,,
,,,,"2018.02.15 11:41","2018.02.15 11:46","4 min","1 h, 6 min",,"0,31","Vaļņu iela 8, Jelgava","Pasta iela 33, Jelgava",,"1,8","104374,2",104376,20,46,,,
,,,,"2018.02.15 12:53","2018.02.15 12:55","2 min, 20 sek","11 min",,"0,07","Pasta iela 33, Jelgava","Lielā iela 9B, Jelgava",,"0,4",104376,"104376,3",6,19,,,
,,,,"2018.02.15 13:07","2018.02.15 13:10","3 min","8 min",,"0,17","Lielā iela 9B, Jelgava","Mātera iela 23/25, Jelgava",,"1,0","104376,4","104377,4",16,40,,,
,,,,"2018.02.15 13:18","2018.02.15 13:20","1 min, 39 sek","6 min",,"0,07","Mātera iela 23/25, Jelgava","Lielā iela 9, Jelgava",,"0,4","104377,4","104377,7",10,20,,,
,,,,"2018.02.15 13:27","2018.02.15 13:28","1 min, 11 sek","28 min",,"0,02","Lielā iela 9, Jelgava","Lielā iela 3A, Jelgava",,"0,1","104377,8","104377,9",5,23,,,
,,,,"2018.02.15 13:56","2018.02.15 14:02","5 min","10 min",,"0,58","Lielā iela 3A, Jelgava","Rīgas iela 67, Jelgava",,"3,4","104377,9","104381,3",34,50,,,
,,,,"2018.02.15 14:13","2018.02.15 14:21","8 min","1 h, 17 min",,"0,78","Rīgas iela 67, Jelgava","Pētera iela 23A, Jelgava",,"4,6","104381,3","104385,9",33,51,,,
,,,,"2018.02.15 15:39","2018.02.15 16:11","32 min","21 min",,"2,31","Pētera iela 23A, Jelgava","Vaļņu iela 8, Jelgava",,"13,6","104385,9","104399,5",23,51,,,
,,,,"2018.02.15 16:33","2018.02.15 16:38","5 min","15 h",,"0,31","Vaļņu iela 8, Jelgava","Lielā iela 8, Jelgava",,"1,8","104399,5","104401,3",18,41,,,
,,,,"2018.02.16 7:38","2018.02.16 7:45","6 min","37 min",,"0,40","Lielā iela 8, Jelgava","Mātera iela 74, Jelgava",,"2,2","104401,3","104403,5",19,40,,,
,,,,"2018.02.16 8:22","2018.02.16 8:26","3 min","4 min",,"0,16","Mātera iela 74, Jelgava","Pētera iela 23A, Jelgava",,"0,9","104403,5","104404,4",14,31,,,
,,,,"2018.02.16 8:30","2018.02.16 8:41","11 min","13 min",,"1,15","Pētera iela 23A, Jelgava","Lielā iela 40, Jelgava",,"6,3","104404,4","104410,7",33,49,,,
,,,,"2018.02.16 8:55","2018.02.16 9:15","19 min","12 min",,"2,08","Lielā iela 40, Jelgava","Rīgas iela 67, Jelgava",,"11,4","104410,7","104422,1",32,61,,,
,,,,"2018.02.16 9:27","2018.02.16 9:37","9 min","6 min",,"0,84","Rīgas iela 67, Jelgava","Vaļņu iela 8, Jelgava",,"4,6","104422,1","104426,7",28,51,,,
,,,,"2018.02.16 9:44","2018.02.16 9:48","3 min","1 min, 16 sek",,"0,26","Vaļņu iela 8, Jelgava","Lielā iela 3, Jelgava",,"1,4","104426,7","104428,1",17,45,,,
,,,,"2018.02.16 9:49","2018.02.16 9:50","1 min, 27 sek","6 min",,"0,09","Lielā iela 3, Jelgava","Pasta iela 35A, Jelgava",,"0,5","104428,1","104428,6",18,37,,,
,,,,"2018.02.16 9:56","2018.02.16 10:03","6 min","8 min",,"0,24","Pasta iela 35A, Jelgava","Mātera iela 46, Jelgava",,"1,3","104428,6","104429,9",9,37,,,
,,,,"2018.02.16 10:11","2018.02.16 10:16","4 min","1 h, 33 min",,"0,40","Mātera iela 46, Jelgava","Platones iela 2, Jelgava",,"2,2","104429,9","104432,1",23,46,,,
,,,,"2018.02.16 11:50","2018.02.16 11:57","7 min","7 min",,"0,49","Platones iela 2, Jelgava","Pētera iela 23A, Jelgava",,"2,7","104432,1","104434,8",21,48,,,
,,,,"2018.02.16 12:04","2018.02.16 12:09","4 min","2 h, 53 min",,"0,36","Pētera iela 23A, Jelgava","Krišjāņa Barona iela 3, Jelgava",,"2,0","104434,8","104436,8",20,42,,,
,,,,"2018.02.16 15:02","2018.02.16 15:10","8 min","4 min",,"0,60","Krišjāņa Barona iela 3, Jelgava","Aveņu iela 37, Jelgava",,"3,3","104436,8","104440,1",22,49,,,
,,,,"2018.02.16 15:15","2018.02.16 15:22","7 min","1 min, 51 sek",,"0,60","Aveņu iela 37, Jelgava","Pasta iela 33, Jelgava",,"3,3","104440,1","104443,4",25,57,,,
,,,,"2018.02.16 15:24","2018.02.16 15:27","2 min, 44 sek","29 min",,"0,13","Pasta iela 33, Jelgava","Raiņa iela 22, Jelgava",,"0,7","104443,4","104444,1",18,38,,,
,,,,"2018.02.16 15:56","2018.02.16 16:00","3 min","9 min",,"0,40","Raiņa iela 22, Jelgava","Lietuvas šoseja 6, Jelgava",,"2,2","104444,1","104446,3",30,52,,,
,,,,"2018.02.16 16:09","2018.02.16 16:11","1 min, 33 sek","1 h, 54 min",,"0,09","Lietuvas šoseja 6, Jelgava","Aveņu iela 37, Jelgava",,"0,5","104446,3","104446,8",19,27,,,
,,,,"2018.02.16 18:05","2018.02.16 18:10","4 min","43 min",,"0,44","Aveņu iela 37, Jelgava","Raiņa iela 11, Jelgava",,"2,4","104446,8","104449,2",26,52,,,
,,,,"2018.02.16 18:53","2018.02.16 19:04","10 min","5 h, 17 min",,"0,80","Raiņa iela 11, Jelgava","Loka maģistrāle 3, Jelgava",,"4,4","104449,2","104453,6",24,50,,,
,,,,"2018.02.17 0:21","2018.02.17 0:30","9 min","12 h",,"1,00","Loka maģistrāle 3, Jelgava","Aveņu iela 37, Jelgava",,"6,1","104453,6","104459,7",36,49,,,
,,,,"2018.02.17 12:31","2018.02.17 12:37","6 min","5 min",,"0,46","Aveņu iela 37, Jelgava","Katoļu iela 2B, Jelgava",,"2,8","104459,7","104462,5",24,63,,,
,,,,"2018.02.17 12:43","2018.02.17 12:49","6 min","12 min",,"0,57","Katoļu iela 2B, Jelgava","Loka maģistrāle 7, Jelgava",,"3,5","104462,5",104466,31,56,,,
,,,,"2018.02.17 13:01","2018.02.17 13:04","2 min, 34 sek","1 h, 15 min",,"0,10","Loka maģistrāle 7, Jelgava","Rīgas iela 57A, Jelgava",,"0,6",104466,"104466,6",13,34,,,
,,,,"2018.02.17 14:19","2018.02.17 14:21","1 min, 15 sek","11 min",,"0,05","Rīgas iela 57A, Jelgava","Loka maģistrāle 7, Jelgava",,"0,3","104466,6","104466,9",17,34,,,
,,,,"2018.02.17 14:32","2018.02.17 14:50","18 min","8 min",,"2,12","Loka maģistrāle 7, Jelgava","Lietuvas šoseja 52, Jelgava",,"12,9","104466,9","104479,7",41,77,,,
,,,,"2018.02.17 14:59","2018.02.17 15:01","1 min, 34 sek","2 h, 17 min",,"0,07","Lietuvas šoseja 52, Jelgava","Aveņu iela 37, Jelgava",,"0,4","104479,8","104480,2",14,22,,,
,,,,"2018.02.17 17:18","2018.02.17 17:20","1 min, 10 sek","3 min",,"0,02","Aveņu iela 37, Jelgava","Aveņu iela 45, Jelgava",,"0,1","104480,2","104480,2",12,14,,,
,,,,"2018.02.17 17:23","2018.02.17 17:34","10 min","1 h, 22 min",,"0,99","Aveņu iela 45, Jelgava","Loka maģistrāle 7, Jelgava",,"6,0","104480,3","104486,3",29,58,,,
,,,,"2018.02.17 18:56","2018.02.17 19:09","12 min","15 h, 42 min",,"0,99","Loka maģistrāle 7, Jelgava","Aveņu iela 36, Jelgava",,"6,0","104486,3","104492,3",27,46,,,
,,,,"2018.02.18 10:52","2018.02.18 11:02","10 min","1 h, 20 min",,"0,85","Aveņu iela 36, Jelgava","Loka maģistrāle 3, Jelgava",,"5,9","104492,3","104498,2",31,60,,,
,,,,"2018.02.18 12:23","2018.02.18 12:33","9 min","18 h, 22 min",,"0,87","Loka maģistrāle 3, Jelgava","Aveņu iela 37, Jelgava",,"6,0","104498,2","104504,2",36,56,,,
,,,,"2018.02.19 6:55","2018.02.19 7:01","5 min","1 min, 26 sek",,"0,52","Aveņu iela 37, Jelgava","Pasta iela 35, Jelgava",,"3,1","104504,2","104507,3",28,51,,,
,,,,"2018.02.19 7:02","2018.02.19 7:08","5 min","1 min, 37 sek",,"0,44","Pasta iela 35, Jelgava","Aveņu iela 37, Jelgava",,"2,6","104507,3","104509,9",25,52,,,
,,,,"2018.02.19 7:09","2018.02.19 7:18","8 min","20 min",,"0,57","Aveņu iela 37, Jelgava","Krišjāņa Barona iela 10, Jelgava",,"3,4","104509,9","104513,2",20,42,,,
,,,,"2018.02.19 7:38","2018.02.19 7:46","7 min","5 min",,"0,50","Krišjāņa Barona iela 10, Jelgava","Rūpniecības iela 75A, Jelgava",,"3,0","104513,3","104516,3",23,43,,,
,,,,"2018.02.19 7:52","2018.02.19 8:35","43 min","7 min",,"2,31","Rūpniecības iela 75A, Jelgava","Rūpniecības iela 77B, Jelgava",,"13,8","104516,3","104530,1",18,50,,,
,,,,"2018.02.19 8:42","2018.02.19 8:48","6 min","18 min",,"0,40","Rūpniecības iela 77B, Jelgava","Pētera iela 23A, Jelgava",,"2,4","104530,1","104532,5",25,48,,,
,,,,"2018.02.19 9:07","2018.02.19 9:27","20 min","1 h, 8 min",,"1,84","Pētera iela 23A, Jelgava","Lietuvas šoseja 6, Jelgava",,"11,0","104532,5","104543,5",30,59,,,
,,,,"2018.02.19 10:36","2018.02.19 10:53","17 min","2 h, 59 min",,"1,19","Lietuvas šoseja 6, Jelgava","Krišjāņa Barona iela 3, Jelgava",,"7,1","104543,5","104550,5",24,46,,,
,,,,"2018.02.19 13:53","2018.02.19 13:57","4 min","41 min",,"0,22","Krišjāņa Barona iela 3, Jelgava","Pētera iela 23A, Jelgava",,"1,3","104550,6","104551,9",18,46,,,
,,,,"2018.02.19 14:39","2018.02.19 14:51","11 min","18 min",,"0,62","Pētera iela 23A, Jelgava","Vaļņu iela 7, Jelgava",,"3,7","104551,9","104555,6",18,47,,,
,,,,"2018.02.19 15:09","2018.02.19 15:18","8 min","1 min, 41 sek",,"0,60","Vaļņu iela 7, Jelgava","Akmeņu iela 14A, Jelgava",,"3,6","104555,6","104559,2",24,49,,,
,,,,"2018.02.19 15:20","2018.02.19 15:36","15 min","3 min",,"1,20","Akmeņu iela 14A, Jelgava","Zemgales prospekts 12, Jelgava",,"7,2","104559,2","104566,4",23,54,,,
,,,,"2018.02.19 15:39","2018.02.19 15:43","3 min","45 min",,"0,20","Zemgales prospekts 12, Jelgava","Pētera iela 23A, Jelgava",,"1,2","104566,4","104567,6",14,36,,,
,,,,"2018.02.19 16:29","2018.02.19 16:34","5 min","15 h, 5 min",,"0,30","Pētera iela 23A, Jelgava","Krišjāņa Barona iela 3, Jelgava",,"1,8","104567,6","104569,4",15,39,,,
,,,,"2018.02.20 7:39","2018.02.20 7:46","6 min","31 min",,"0,32","Krišjāņa Barona iela 3, Jelgava","Pētera iela 23A, Jelgava",,"1,9","104569,4","104571,3",15,37,,,
,,,,"2018.02.20 8:17","2018.02.20 8:24","7 min","16 min",,"0,44","Pētera iela 23A, Jelgava","Tērvetes iela 70, Jelgava",,"2,6","104571,3","104573,9",20,48,,,
,,,,"2018.02.20 8:41","2018.02.20 8:52","10 min","3 min",,"0,80","Tērvetes iela 70, Jelgava","Garozas iela 24A, Jelgava",,"4,7","104573,9","104578,6",23,45,,,
,,,,"2018.02.20 8:55","2018.02.20 9:02","7 min","14 min",,"0,46","Garozas iela 24A, Jelgava","Rīgas iela 67, Jelgava",,"2,7","104578,6","104581,3",22,45,,,
,,,,"2018.02.20 9:17","2018.02.20 9:46","29 min","1 h, 8 min",,"2,73","Rīgas iela 67, Jelgava","Pasta iela 29, Jelgava",,"16,1","104581,3","104597,4",32,59,,,
,,,,"2018.02.20 10:55","2018.02.20 10:57","2 min, 24 sek","59 min",,"0,20","Pasta iela 29, Jelgava","Pētera iela 23A, Jelgava",,"1,2","104597,4","104598,6",27,40,,,
,,,,"2018.02.20 11:57","2018.02.20 12:02","5 min","4 min",,"0,32","Pētera iela 23A, Jelgava","Pasta iela 33, Jelgava",,"1,9","104598,6","104600,4",16,43,,,
,,,,"2018.02.20 12:07","2018.02.20 12:09","2 min, 28 sek","4 min",,"0,12","Pasta iela 33, Jelgava","Uzvaras iela 14, Jelgava",,"0,7","104600,5","104601,2",13,37,,,
,,,,"2018.02.20 12:13","2018.02.20 12:16","2 min, 8 sek","6 min",,"0,14","Uzvaras iela 14, Jelgava","Pasta iela 37, Jelgava",,"0,8","104601,2",104602,15,42,,,
,,,,"2018.02.20 12:22","2018.02.20 12:26","3 min","2 h, 23 min",,"0,14","Pasta iela 37, Jelgava","Krišjāņa Barona iela 3, Jelgava",,"0,8",104602,"104602,7",10,45,,,
,,,,"2018.02.20 14:49","2018.02.20 14:53","4 min","8 min",,"0,19","Krišjāņa Barona iela 3, Jelgava","Pētera iela 23A, Jelgava",,"1,1","104602,8","104603,9",14,41,,,
,,,,"2018.02.20 15:02","2018.02.20 15:10","8 min","27 min",,"0,46","Pētera iela 23A, Jelgava","Satiksmes iela 41, Jelgava",,"2,7","104603,9","104606,6",18,54,,,
,,,,"2018.02.20 15:37","2018.02.20 15:46","8 min","2 min, 26 sek",,"0,51","Satiksmes iela 41, Jelgava","Katoļu iela 7A, Jelgava",,"3,0","104606,6","104609,6",21,54,,,
,,,,"2018.02.20 15:48","2018.02.20 16:09","20 min","34 min",,"1,43","Katoļu iela 7A, Jelgava","Pētera iela 23A, Jelgava",,"8,4","104609,6",104618,22,54,,,
,,,,"2018.02.20 16:44","2018.02.20 16:50","5 min","10 min",,"0,32","Pētera iela 23A, Jelgava","Krišjāņa Barona iela 3, Jelgava",,"1,9",104618,"104619,9",14,41,,,
,,,,"2018.02.20 17:01","2018.02.20 17:02","51 sek","9 min",,"0,02","Krišjāņa Barona iela 3, Jelgava","Krišjāņa Barona iela 5, Jelgava",,"0,1","104619,9","104619,9",4,11,,,
,,,,"2018.02.20 17:11","2018.02.20 17:25","13 min","14 h, 11 min",,"1,02","Krišjāņa Barona iela 5, Jelgava","Krišjāņa Barona iela 3, Jelgava",,"6,0",104620,104626,24,50,,,
,,,,"2018.02.21 7:36","2018.02.21 7:49","12 min","10 min",,"0,76","Krišjāņa Barona iela 3, Jelgava","Pētera iela 23A, Jelgava",,"4,4",104626,"104630,3",18,45,,,
,,,,"2018.02.21 8:00","2018.02.21 8:01","1 min, 12 sek","2 min, 5 sek",,"0,02","Pētera iela 23A, Jelgava","Vaļņu iela 10, Jelgava",,"0,1","104630,4","104630,5",6,14,,,
,,,,"2018.02.21 8:03","2018.02.21 8:08","4 min","5 min",,"0,29","Vaļņu iela 10, Jelgava","Rūpniecības iela 75A, Jelgava",,"1,7","104630,5","104632,2",20,49,,,
,,,,"2018.02.21 8:13","2018.02.21 8:24","10 min","8 min",,"0,83","Rūpniecības iela 75A, Jelgava","Austrumu iela 2A, Jelgava",,"4,8","104632,2",104637,25,47,,,
,,,,"2018.02.21 8:33","2018.02.21 8:46","13 min","11 min",,"1,16","Austrumu iela 2A, Jelgava","Platones iela 2, Jelgava",,"6,7",104637,"104643,6",27,56,,,
,,,,"2018.02.21 8:58","2018.02.21 8:59","1 min, 6 sek","1 min, 37 sek",,"0,05","Platones iela 2, Jelgava","Aveņu iela 36, Jelgava",,"0,3","104643,7",104644,15,22,,,
,,,,"2018.02.21 9:01","2018.02.21 9:15","13 min","1 h, 50 min",,"1,05","Aveņu iela 36, Jelgava","Pētera iela 23A, Jelgava",,"6,1",104644,"104650,1",24,46,,,
,,,,"2018.02.21 11:05","2018.02.21 11:10","5 min","10 min",,"0,17","Pētera iela 23A, Jelgava","Pasta iela 37, Jelgava",,"1,0","104650,1","104651,1",10,42,,,
,,,,"2018.02.21 11:21","2018.02.21 11:40","19 min","12 min",,"1,95","Pasta iela 37, Jelgava","Zemgales prospekts 12, Jelgava",,"11,3","104651,1","104662,4",33,64,,,
,,,,"2018.02.21 11:53","2018.02.21 11:58","5 min","1 h, 20 min",,"0,28","Zemgales prospekts 12, Jelgava","Pasta iela 33, Jelgava",,"1,6","104662,4","104663,9",17,45,,,
,,,,"2018.02.21 13:19","2018.02.21 13:20","29 sek","3 min",,"0,09","Pasta iela 33, Jelgava","Pasta iela 35, Jelgava",,"0,5",104664,104664,6,12,,,
,,,,"2018.02.21 13:23","2018.02.21 13:25","2 min, 8 sek","12 min",,"0,16","Pasta iela 35, Jelgava","Pulkveža Oskara Kalpaka iela 13, Jelgava",,"0,9","104664,5","104665,4",22,43,,,
,,,,"2018.02.21 13:38","2018.02.21 13:48","9 min","11 min",,"0,79","Pulkveža Oskara Kalpaka iela 13, Jelgava","Rīgas iela 67, Jelgava",,"4,6","104665,4",104670,28,50,,,
,,,,"2018.02.21 13:59","2018.02.21 14:09","9 min","13 min",,"0,74","Rīgas iela 67, Jelgava","Katoļu iela 7A, Jelgava",,"4,3",104670,"104674,2",24,52,,,
,,,,"2018.02.21 14:22","2018.02.21 14:28","5 min","6 min",,"0,45","Katoļu iela 7A, Jelgava","Satiksmes iela 41, Jelgava",,"2,6","104674,3","104676,9",26,51,,,
,,,,"2018.02.21 14:34","2018.02.21 14:41","7 min","2 h, 8 min",,"0,57","Satiksmes iela 41, Jelgava","Pētera iela 23A, Jelgava",,"3,3","104676,9","104680,2",26,43,,,
,,,,"2018.02.21 16:50","2018.02.21 16:56","6 min","16 h, 37 min",,"0,31","Pētera iela 23A, Jelgava","Krišjāņa Barona iela 3, Jelgava",,"1,8","104680,2",104682,14,43,,,
,,,,"2018.02.22 9:34","2018.02.22 9:39","5 min","11 min",,"0,39","Krišjāņa Barona iela 3, Jelgava","Satiksmes iela 35, Jelgava",,"2,2",104682,"104684,2",22,42,,,
,,,,"2018.02.22 9:50","2018.02.22 10:17","26 min","7 min",,"2,54","Satiksmes iela 35, Jelgava","Rīgas iela 67, Jelgava",,"14,2","104684,2","104698,4",29,59,,,
,,,,"2018.02.22 10:24","2018.02.22 10:32","8 min","1 h, 20 min",,"0,82","Rīgas iela 67, Jelgava","Pētera iela 23A, Jelgava",,"4,6","104698,4","104702,9",11,49,,,
,,,,"2018.02.22 11:53","2018.02.22 11:58","5 min","1 h, 27 min",,"0,30","Pētera iela 23A, Jelgava","Krišjāņa Barona iela 3, Jelgava",,"1,7",104703,"104704,7",19,43,,,
,,,,"2018.02.22 13:26","2018.02.22 13:32","6 min","17 min",,"0,52","Krišjāņa Barona iela 3, Jelgava","Akmeņu iela 14A, Jelgava",,"2,9","104704,7","104707,5",26,47,,,
,,,,"2018.02.22 13:50","2018.02.22 13:52","1 min, 53 sek","2 min, 42 sek",,"0,09","Akmeņu iela 14A, Jelgava","Strazdu iela 16, Jelgava",,"0,5","104707,6","104708,1",13,24,,,
,,,,"2018.02.22 13:55","2018.02.22 13:58","3 min","1 min, 58 sek",,"0,27","Strazdu iela 16, Jelgava","Akmeņu iela 14A, Jelgava",,"1,5","104708,1","104709,6",18,29,,,
,,,,"2018.02.22 14:00","2018.02.22 14:19","18 min","42 min",,"1,43","Akmeņu iela 14A, Jelgava","Vaļņu iela 8, Jelgava",,"8,0","104709,6","104717,6",21,50,,,
,,,,"2018.02.22 15:01","2018.02.22 15:11","9 min","12 min",,"0,64","Vaļņu iela 8, Jelgava","Akmeņu iela 14A, Jelgava",,"3,6","104717,6","104721,2",20,48,,,
,,,,"2018.02.22 15:23","2018.02.22 15:41","17 min","46 min",,"1,45","Akmeņu iela 14A, Jelgava","Pētera iela 23A, Jelgava",,"8,1","104721,2","104729,3",23,49,,,
,,,,"2018.02.22 16:28","2018.02.22 16:32","4 min","15 h, 3 min",,"0,30","Pētera iela 23A, Jelgava","Krišjāņa Barona iela 3, Jelgava",,"1,7","104729,3",104731,20,47,,,
,,,,"2018.02.23 7:36","2018.02.23 7:44","8 min","14 min",,"0,47","Krišjāņa Barona iela 3, Jelgava","Brīvības bulvāris 1A, Jelgava",,"2,7",104731,"104733,7",19,42,,,
,,,,"2018.02.23 7:59","2018.02.23 8:07","8 min","4 min",,"0,51","Brīvības bulvāris 1A, Jelgava","Rīgas iela 67, Jelgava",,"2,9","104733,7","104736,6",19,43,,,
,,,,"2018.02.23 8:11","2018.02.23 8:32","21 min","5 min",,"1,74","Rīgas iela 67, Jelgava","Pētera iela 23A, Jelgava",,"9,9","104736,6","104746,5",26,48,,,
,,,,"2018.02.23 8:38","2018.02.23 9:02","23 min","2 min, 13 sek",,"2,13","Pētera iela 23A, Jelgava","Rīgas iela 44, Ozolnieki",,"12,1","104746,5","104758,6",27,68,,,
,,,,"2018.02.23 9:04","2018.02.23 9:19","14 min","43 min",,"1,41","Rīgas iela 44, Ozolnieki","Brīvības bulvāris 1A, Jelgava",,"8,0","104758,6","104766,6",30,63,,,
,,,,"2018.02.23 10:03","2018.02.23 10:08","5 min","4 min",,"0,40","Brīvības bulvāris 1A, Jelgava","Rīgas iela 51, Jelgava",,"2,3","104766,6","104768,9",20,48,,,
,,,,"2018.02.23 10:13","2018.02.23 10:25","12 min","5 min",,"1,04","Rīgas iela 51, Jelgava","Satiksmes iela 35, Jelgava",,"5,9","104768,9","104774,8",25,48,,,
,,,,"2018.02.23 10:31","2018.02.23 10:38","7 min","40 min",,"0,54","Satiksmes iela 35, Jelgava","Pētera iela 23A, Jelgava",,"3,1","104774,8","104777,8",22,38,,,
,,,,"2018.02.23 11:19","2018.02.23 11:42","23 min","53 min",,"2,11","Pētera iela 23A, Jelgava","Pētera iela 23A, Jelgava",,"12,0","104777,9","104789,9",28,63,,,
,,,,"2018.02.23 12:35","2018.02.23 12:42","6 min","2 min, 45 sek",,"0,40","Pētera iela 23A, Jelgava","Aveņu iela 37, Jelgava",,"2,3","104789,9","104792,2",19,48,,,
,,,,"2018.02.23 12:45","2018.02.23 13:07","21 min","1 h, 38 min",,"1,49","Aveņu iela 37, Jelgava","Pētera iela 23A, Jelgava",,"8,5","104792,2","104800,6",20,52,,,
,,,,"2018.02.23 14:45","2018.02.23 14:55","9 min","1 min, 1 sek",,"0,65","Pētera iela 23A, Jelgava","Akmeņu iela 14A, Jelgava",,"3,7","104800,7","104804,4",28,45,,,
,,,,"2018.02.23 14:56","2018.02.23 15:16","20 min","8 min",,"1,51","Akmeņu iela 14A, Jelgava","Uzvaras iela 14, Jelgava",,"8,6","104804,4",104813,23,50,,,
,,,,"2018.02.23 15:25","2018.02.23 15:27","2 min, 25 sek","7 min",,"0,14","Uzvaras iela 14, Jelgava","Pasta iela 37, Jelgava",,"0,8",104813,"104813,8",20,33,,,
,,,,"2018.02.23 15:35","2018.02.23 15:39","3 min","56 min",,"0,21","Pasta iela 37, Jelgava","Pētera iela 23A, Jelgava",,"1,2","104813,8","104814,9",14,32,,,
,,,,"2018.02.23 16:35","2018.02.23 16:40","4 min","4 h, 11 min",,"0,32","Pētera iela 23A, Jelgava","Krišjāņa Barona iela 3, Jelgava",,"1,8",104815,"104816,8",18,43,,,
,,,,"2018.02.23 20:51","2018.02.23 20:58","6 min","4 min",,"0,47","Krišjāņa Barona iela 3, Jelgava","Aveņu iela 36, Jelgava",,"2,7","104816,8","104819,5",23,47,,,
,,,,"2018.02.23 21:03","2018.02.23 21:10","7 min","41 min",,"0,62","Aveņu iela 36, Jelgava","Pasta iela 35, Jelgava",,"3,5","104819,5",104823,22,51,,,
,,,,"2018.02.23 21:52","2018.02.23 21:54","1 min, 48 sek","2 min, 22 sek",,"0,12","Pasta iela 35, Jelgava","Raiņa iela 11, Jelgava",,"0,7",104823,"104823,7",19,40,,,
,,,,"2018.02.23 21:56","2018.02.23 22:00","3 min","13 h, 55 min",,"0,37","Raiņa iela 11, Jelgava","Aveņu iela 36, Jelgava",,"2,1","104823,7","104825,8",35,56,,,
,,,,"2018.02.24 11:55","2018.02.24 12:00","4 min","1 h, 34 min",,"0,61","Aveņu iela 36, Jelgava","Katoļu iela 20, Jelgava",,"2,3","104825,8","104828,1",27,70,,,
,,,,"2018.02.24 13:34","2018.02.24 13:37","3 min","50 min",,"0,53","Katoļu iela 20, Jelgava","Aveņu iela 36, Jelgava",,"2,0","104828,1","104830,1",30,56,,,
,,,,"2018.02.24 14:28","2018.02.24 14:33","4 min","10 min",,"0,58","Aveņu iela 36, Jelgava","Katoļu iela 20, Jelgava",,"2,2","104830,1","104832,3",29,69,,,
,,,,"2018.02.24 14:43","2018.02.24 14:47","3 min","1 d, 17 h, 1 min",,"0,53","Katoļu iela 20, Jelgava","Aveņu iela 36, Jelgava",,"2,0","104832,3","104834,3",30,60,,,
,,,,"2018.02.26 7:48","2018.02.26 7:54","5 min","1 min, 21 sek",,"0,50","Aveņu iela 36, Jelgava","Akadēmijas iela 3, Jelgava",,"2,6","104834,3","104836,8",22,60,,,
,,,,"2018.02.26 7:55","2018.02.26 8:00","4 min","7 min",,"0,44","Akadēmijas iela 3, Jelgava","Akmeņu iela 22, Jelgava",,"2,3","104836,9","104839,2",27,52,,,
,,,,"2018.02.26 8:08","2018.02.26 8:55","47 min","53 min",,"3,67","Akmeņu iela 22, Jelgava","Pētera iela 23A, Jelgava",,"19,2","104839,2","104858,4",22,63,,,
,,,,"2018.02.26 9:49","2018.02.26 10:00","10 min","49 min",,"0,80","Pētera iela 23A, Jelgava","Dobeles iela 9, Jelgava",,"4,2","104858,4","104862,6",22,49,,,
,,,,"2018.02.26 10:50","2018.02.26 10:54","4 min","46 min",,"0,25","Dobeles iela 9, Jelgava","Pētera iela 23A, Jelgava",,"1,3","104862,6","104863,9",17,37,,,
,,,,"2018.02.26 11:40","2018.02.26 11:46","5 min","3 min",,"0,46","Pētera iela 23A, Jelgava","Platones iela 2, Jelgava",,"2,4","104863,9","104866,3",23,51,,,
,,,,"2018.02.26 11:50","2018.02.26 11:57","7 min","1 h, 2 min",,"0,67","Platones iela 2, Jelgava","Krišjāņa Barona iela 3, Jelgava",,"3,5","104866,3","104869,8",26,49,,,
,,,,"2018.02.26 12:59","2018.02.26 13:03","3 min","2 h, 9 min",,"0,23","Krišjāņa Barona iela 3, Jelgava","Vaļņu iela 8, Jelgava",,"1,2","104869,8",104871,15,38,,,
,,,,"2018.02.26 15:13","2018.02.26 15:20","6 min","40 min",,"0,44","Vaļņu iela 8, Jelgava","Lielā iela 36, Jelgava",,"2,3",104871,"104873,3",18,46,,,
,,,,"2018.02.26 16:00","2018.02.26 16:06","6 min","16 h, 33 min",,"0,36","Lielā iela 36, Jelgava","Pētera iela 23A, Jelgava",,"1,9","104873,3","104875,2",17,41,,,
,,,,"2018.02.27 8:40","2018.02.27 8:57","16 min","2 min, 54 sek",,"1,35","Pētera iela 23A, Jelgava","Pulkveža Oskara Kalpaka iela 16A, Jelgava",,"8,5","104875,2","104883,7",28,61,,,
,,,,"2018.02.27 9:00","2018.02.27 9:01","1 min, 52 sek","5 min",,"0,10","Pulkveža Oskara Kalpaka iela 16A, Jelgava","Vaļņu iela 7, Jelgava",,"0,6","104883,7","104884,3",17,36,,,
,,,,"2018.02.27 9:07","2018.02.27 9:37","30 min","19 min",,"2,92","Vaļņu iela 7, Jelgava","Pētera iela 23A, Jelgava",,"18,4","104884,3","104902,7",33,87,,,
,,,,"2018.02.27 9:57","2018.02.27 10:03","6 min","1 min, 33 sek",,"0,49","Pētera iela 23A, Jelgava","Rīgas iela 20C, Jelgava",,"3,1","104902,7","104905,8",27,51,,,
,,,,"2018.02.27 10:05","2018.02.27 10:17","12 min","12 min",,"0,87","Rīgas iela 20C, Jelgava","Platones iela 2, Jelgava",,"5,5","104905,8","104911,3",21,54,,,
,,,,"2018.02.27 10:30","2018.02.27 10:36","6 min","30 min",,"0,44","Platones iela 2, Jelgava","Pētera iela 23A, Jelgava",,"2,8","104911,3","104914,1",22,47,,,
,,,,"2018.02.27 11:07","2018.02.27 11:12","4 min","6 min",,"0,29","Pētera iela 23A, Jelgava","Krišjāņa Barona iela 10, Jelgava",,"1,8","104914,1","104915,9",23,46,,,
,,,,"2018.02.27 11:18","2018.02.27 11:19","1 min, 12 sek","14 min",,"0,05","Krišjāņa Barona iela 10, Jelgava","Pasta iela 37, Jelgava",,"0,3","104915,9","104916,2",14,30,,,
,,,,"2018.02.27 11:34","2018.02.27 11:38","3 min","46 min",,"0,19","Pasta iela 37, Jelgava","Vaļņu iela 8, Jelgava",,"1,2","104916,2","104917,3",15,31,,,
,,,,"2018.02.27 12:24","2018.02.27 12:28","4 min","45 min",,"0,27","Vaļņu iela 8, Jelgava","Lielā iela 8, Jelgava",,"1,7","104917,4","104919,1",21,48,,,
,,,,"2018.02.27 13:14","2018.02.27 13:17","3 min","2 h, 35 min",,"0,17","Lielā iela 8, Jelgava","Vaļņu iela 8, Jelgava",,"1,1","104919,1","104920,2",20,45,,,
,,,,"2018.02.27 15:53","2018.02.27 16:13","20 min","16 h, 19 min",,"1,76","Vaļņu iela 8, Jelgava","Vaļņu iela 7A, Jelgava",,"11,1","104920,2","104931,3",32,64,,,
,,,,"2018.02.28 8:32","2018.02.28 8:49","17 min","9 min",,"-2,01","Vaļņu iela 7A, Jelgava","Ceriņu iela 6, Ozolnieki",,"9,3","104931,3","104940,6",29,66,,,
,,,,"2018.02.28 8:59","2018.02.28 9:17","18 min","1 min, 49 sek",,"-2,19","Ceriņu iela 6, Ozolnieki","Pulkveža Oskara Kalpaka iela 13, Jelgava",,"10,1","104940,6","104950,7",30,72,,,
,,,,"2018.02.28 9:19","2018.02.28 9:21","2 min, 19 sek","1 min, 35 sek",,"-0,17","Pulkveža Oskara Kalpaka iela 13, Jelgava","Raiņa iela 11, Jelgava",,"0,8","104950,7","104951,5",17,39,,,
,,,,"2018.02.28 9:23","2018.02.28 9:24","1 min, 11 sek","2 min, 36 sek",,"-0,06","Raiņa iela 11, Jelgava","Raiņa iela 3, Jelgava",,"0,3","104951,5","104951,8",11,14,,,
,,,,"2018.02.28 9:27","2018.02.28 9:30","2 min, 45 sek","1 min, 37 sek",,"-0,19","Raiņa iela 3, Jelgava","Pasta iela 45, Jelgava",,"0,9","104951,8","104952,7",17,34,,,
,,,,"2018.02.28 9:31","2018.02.28 9:32","37 sek","1 min, 22 sek",,"-0,04","Pasta iela 45, Jelgava","Pasta iela 41, Jelgava",,"0,2","104952,7","104952,9",9,13,,,
,,,,"2018.02.28 9:33","2018.02.28 9:34","1 min, 12 sek","2 min, 18 sek",,"-0,06","Pasta iela 41, Jelgava","Pasta iela 47, Jelgava",,"0,3","104952,9","104953,1",12,18,,,
,,,,"2018.02.28 9:37","2018.02.28 9:38","1 min, 37 sek","1 min, 22 sek",,"-0,13","Pasta iela 47, Jelgava","Zirgu iela 5, Jelgava",,"0,6","104953,2","104953,8",22,43,,,
,,,,"2018.02.28 9:40","2018.02.28 9:42","1 min, 49 sek","5 min",,"-0,09","Zirgu iela 5, Jelgava","Stacijas iela 2, Jelgava",,"0,4","104953,8","104954,2",8,14,,,
,,,,"2018.02.28 9:47","2018.02.28 9:48","1 min, 29 sek","2 min, 13 sek",,"-0,15","Stacijas iela 2, Jelgava","Lietuvas šoseja 2A, Jelgava",,"0,7","104954,2","104954,9",29,46,,,
,,,,"2018.02.28 9:50","2018.02.28 9:52","2 min, 9 sek","2 min, 17 sek",,"-0,19","Lietuvas šoseja 2A, Jelgava","Platones iela 2, Jelgava",,"0,9","104954,9","104955,8",23,29,,,
,,,,"2018.02.28 9:55","2018.02.28 9:58","2 min, 57 sek","2 min, 41 sek",,"-0,41","Platones iela 2, Jelgava","Zemgales prospekts 12, Jelgava",,"1,9","104955,8","104957,6",33,52,,,
,,,,"2018.02.28 10:00","2018.02.28 10:01","42 sek","1 min, 21 sek",,"-0,02","Zemgales prospekts 12, Jelgava","Zemgales prospekts 10, Jelgava",,"0,1","104957,7","104957,8",9,11,,,
,,,,"2018.02.28 10:02","2018.02.28 10:04","1 min, 37 sek","3 min",,"-0,09","Zemgales prospekts 10, Jelgava","Zirgu iela 2, Jelgava",,"0,4","104957,8","104958,2",15,36,,,
,,,,"2018.02.28 10:07","2018.02.28 10:10","2 min, 30 sek","2 min, 2 sek",,"-0,24","Zirgu iela 2, Jelgava","Raiņa iela 37, Jelgava",,"1,1","104958,2","104959,3",19,36,,,
,,,,"2018.02.28 10:12","2018.02.28 10:14","1 min, 52 sek","1 min, 45 sek",,"-0,13","Raiņa iela 37, Jelgava","Pulkveža Oskara Kalpaka iela 12, Jelgava",,"0,6","104959,3","104959,9",17,36,,,
,,,,"2018.02.28 10:15","2018.02.28 10:17","1 min, 12 sek","1 min, 45 sek",,"-0,06","Pulkveža Oskara Kalpaka iela 12, Jelgava","Svētes iela 25, Jelgava",,"0,3","104959,9","104960,2",15,24,,,
,,,,"2018.02.28 10:18","2018.02.28 10:20","1 min, 48 sek","1 min, 13 sek",,"-0,09","Svētes iela 25, Jelgava","Mātera iela 23/25, Jelgava",,"0,4","104960,2","104960,6",10,18,,,
,,,,"2018.02.28 10:21","2018.02.28 10:24","2 min, 16 sek","1 min, 41 sek",,"-0,06","Mātera iela 23/25, Jelgava","Lielā iela 9, Jelgava",,"0,3","104960,6","104960,9",6,21,,,
,,,,"2018.02.28 10:25","2018.02.28 10:27","1 min, 52 sek","2 min, 48 sek",,"-0,09","Lielā iela 9, Jelgava","Lielā iela 3A, Jelgava",,"0,4","104960,9","104961,3",7,24,,,
,,,,"2018.02.28 10:30","2018.02.28 10:32","2 min, 7 sek","3 min",,"-0,26","Lielā iela 3A, Jelgava","Brīvības bulvāris 1, Jelgava",,"1,2","104961,3","104962,5",31,49,,,
,,,,"2018.02.28 10:35","2018.02.28 10:36","32 sek","1 min, 59 sek",,"-0,04","Brīvības bulvāris 1, Jelgava","Garozas iela 2, Jelgava",,"0,2","104962,5","104962,6",11,18,,,
,,,,"2018.02.28 10:38","2018.02.28 10:41","3 min","4 min",,"-0,28","Garozas iela 2, Jelgava","Brīvības bulvāris 12A, Jelgava",,"1,3","104962,7",104964,17,36,,,
,,,,"2018.02.28 10:46","2018.02.28 10:47","1 min, 33 sek","1 min, 49 sek",,"-0,15","Brīvības bulvāris 12A, Jelgava","Strazdu iela 16, Jelgava",,"0,7",104964,"104964,7",15,27,,,
,,,,"2018.02.28 10:49","2018.02.28 10:51","1 min, 40 sek","2 min, 4 sek",,"-0,13","Strazdu iela 16, Jelgava","Pumpura iela 2, Jelgava",,"0,6","104964,7","104965,3",24,46,,,
,,,,"2018.02.28 10:53","2018.02.28 10:56","2 min, 56 sek","1 min, 46 sek",,"-0,22","Pumpura iela 2, Jelgava","Rīgas iela 52, Jelgava",,"1,0","104965,3","104966,3",16,45,,,
,,,,"2018.02.28 10:58","2018.02.28 10:59","1 min","2 min",,"-0,06","Rīgas iela 52, Jelgava","Rīgas iela 67, Jelgava",,"0,3","104966,3","104966,6",18,36,,,
,,,,"2018.02.28 11:01","2018.02.28 11:03","2 min, 29 sek","4 min",,"-0,30","Rīgas iela 67, Jelgava","Rīgas iela 67, Jelgava",,"1,4","104966,6",104968,27,55,,,
,,,,"2018.02.28 11:08","2018.02.28 11:10","2 min, 28 sek","3 min",,"-0,32","Rīgas iela 67, Jelgava","Rīgas iela 15, Jelgava",,"1,5",104968,"104969,5",35,51,,,
,,,,"2018.02.28 11:13","2018.02.28 11:15","1 min, 44 sek","4 min",,"-0,09","Rīgas iela 15, Jelgava","Rīgas iela 20A, Jelgava",,"0,4","104969,5","104969,9",13,29,,,
,,,,"2018.02.28 11:19","2018.02.28 11:27","7 min","8 min",,"-0,61","Rīgas iela 20A, Jelgava","Vaļņu iela 8, Jelgava",,"2,8","104969,9","104972,7",21,48,,,
,,,,"2018.02.28 11:35","2018.02.28 11:41","5 min","1 h, 12 min",,"-0,41","Vaļņu iela 8, Jelgava","Lielā iela 8, Jelgava",,"1,9","104972,7","104974,6",18,42,,,
,,,,"2018.02.28 12:53","2018.02.28 12:54","39 sek","1 min, 2 sek",,"-0,04","Lielā iela 8, Jelgava","Pasta iela 33A, Jelgava",,"0,2","104974,6","104974,8",13,24,,,
,,,,"2018.02.28 12:55","2018.02.28 13:01","6 min","4 min",,"-0,65","Pasta iela 33A, Jelgava","Rūpniecības iela 75A, Jelgava",,"3,0","104974,8","104977,8",26,49,,,
,,,,"2018.02.28 13:06","2018.02.28 13:08","1 min, 51 sek","1 min, 48 sek",,"-0,17","Rūpniecības iela 75A, Jelgava","Rūpniecības iela 41, Jelgava",,"0,8","104977,8","104978,6",23,45,,,
,,,,"2018.02.28 13:10","2018.02.28 13:11","1 min, 7 sek","1 min, 21 sek",,"-0,06","Rūpniecības iela 41, Jelgava","Rūpniecības iela 31, Jelgava",,"0,3","104978,6","104978,9",12,25,,,
,,,,"2018.02.28 13:12","2018.02.28 13:13","55 sek","2 min, 48 sek",,"-0,09","Rūpniecības iela 31, Jelgava","Mātera iela 72, Jelgava",,"0,4","104978,9","104979,3",21,46,,,
,,,,"2018.02.28 13:16","2018.02.28 13:20","4 min","1 min, 35 sek",,"-0,56","Mātera iela 72, Jelgava","Tērvetes iela 68, Jelgava",,"2,6","104979,3","104981,9",31,45,,,
,,,,"2018.02.28 13:22","2018.02.28 13:24","2 min, 14 sek","2 min, 36 sek",,"-0,19","Tērvetes iela 68, Jelgava","Filozofu iela 61, Jelgava",,"0,9","104981,9","104982,8",24,48,,,
,,,,"2018.02.28 13:27","2018.02.28 13:33","5 min","1 min, 4 sek",,"-0,78","Filozofu iela 61, Jelgava","Dobeles šoseja 90, Jelgava",,"3,6","104982,8","104986,4",34,64,,,
,,,,"2018.02.28 13:34","2018.02.28 13:37","3 min","2 min, 59 sek",,"-0,41","Dobeles šoseja 90, Jelgava","Atmodas iela 21B, Jelgava",,"1,9","104986,4","104988,3",36,59,,,
,,,,"2018.02.28 13:40","2018.02.28 14:12","32 min","2 min",,"-3,35","Atmodas iela 21B, Jelgava","Aveņu iela 36, Jelgava",,"15,5","104988,3","105003,8",25,52,,,
,,,,"2018.02.28 14:14","2018.02.28 14:30","15 min","2 min, 33 sek",,"-1,54","Aveņu iela 36, Jelgava","Lielā iela 6, Jelgava",,"7,1","105003,8","105010,9",24,51,,,
,,,,"2018.02.28 14:33","2018.02.28 14:36","3 min","1 min, 50 sek",,"-0,13","Lielā iela 6, Jelgava","Krišjāņa Barona iela 6B, Jelgava",,"0,6","105010,9","105011,5",8,36,,,
,,,,"2018.02.28 14:38","2018.02.28 14:39","48 sek","1 min, 37 sek",,"-0,06","Krišjāņa Barona iela 6B, Jelgava","Dobeles iela 9, Jelgava",,"0,3","105011,5","105011,8",20,31,,,
,,,,"2018.02.28 14:41","2018.02.28 14:41","39 sek","1 min, 40 sek",,"-0,09","Dobeles iela 9, Jelgava","Dobeles iela 42, Jelgava",,"0,4","105011,8","105012,2",33,45,,,
,,,,"2018.02.28 14:43","2018.02.28 14:45","1 min, 40 sek","2 min, 27 sek",,"-0,17","Dobeles iela 42, Jelgava","Meiju ceļš 10, Jelgava",,"0,8","105012,2",105013,25,40,,,
,,,,"2018.02.28 14:47","2018.02.28 14:50","2 min, 38 sek","2 min, 6 sek",,"-0,26","Meiju ceļš 10, Jelgava","Satiksmes iela 1, Jelgava",,"1,2",105013,"105014,2",25,38,,,
,,,,"2018.02.28 14:52","2018.02.28 14:57","5 min","1 min, 22 sek",,"-0,48","Satiksmes iela 1, Jelgava","Krišjāņa Barona iela 50, Jelgava",,"2,2","105014,2","105016,4",19,49,,,
,,,,"2018.02.28 14:59","2018.02.28 15:00","1 min, 20 sek","2 min, 11 sek",,"-0,13","Krišjāņa Barona iela 50, Jelgava","Dobeles šoseja 6D, Jelgava",,"0,6","105016,4",105017,26,46,,,
,,,,"2018.02.28 15:02","2018.02.28 15:12","9 min","1 min, 49 sek",,"-0,78","Dobeles šoseja 6D, Jelgava","Raiņa iela 16, Jelgava",,"3,6",105017,"105020,6",19,50,,,
,,,,"2018.02.28 15:14","2018.02.28 15:18","4 min","1 min, 4 sek",,"-0,30","Raiņa iela 16, Jelgava","Lielā iela 22, Jelgava",,"1,4","105020,6",105022,17,41,,,
,,,,"2018.02.28 15:19","2018.02.28 15:21","2 min, 22 sek","2 min, 40 sek",,"-0,13","Lielā iela 22, Jelgava","Pasta iela 33, Jelgava",,"0,6",105022,"105022,6",13,38,,,
,,,,"2018.02.28 15:24","2018.02.28 15:27","3 min","8 h, 32 min",,"-0,24","Pasta iela 33, Jelgava","Vaļņu iela 7A, Jelgava",,"1,1","105022,6","105023,7",20,41,,,
,,,,,,"2 d, 6 h, 26 min","25 d, 17 h, 33 min",,"217,63",,,,"1547,0",,,26,96,,,
